nurse_comm_stars,avg_hf_ratio,hospital_count
1,1.0368875,80
2,1.0140628813559323,590
3,1.0012411499436302,887
4,0.9900828609986504,741
5,0.9926797297297297,222
